Workbook

Sheet Invoice Data
A1: Parent Invoices
A7: Parent ID | B7: Previous Balance | C7: Pay Plan | D7: Calculated Fee | E7: Enroled | F7: Siblings? | G7: Sibling Discount | H7: Arrears Penalty | I7: Helper Hours | J7: Emp? | K7: Helper Discount | L7: Invoice Amount | M7: Paid Amount | N7: New Balance
A8: 30008 | B8: 0 | D8: 11757 | E8: 3 | F8: =IF(E8>=2,"Y", "") -> Y | G8: =IF(F8="y",D8*5%,0) -> 587.85 | H8: =IF(AND(B8>0,C8<>"Y"),B8*10%,0) -> 0 | I8: 16 | K8: =IF(OR(I8>=16,J8),250,0) -> 250 | L8: ='Invoice Data'!$B8+'Invoice Data'!$D8-'Invoice Data'!$G8-'Invoice Data'!$K8+'Invoice Data'!$H8 -> 10919.15 | M8: =VLOOKUP('Invoice Data'!$A8,BPay!$B$4:$D$10,3,0) -> 11757 | P8: Total Paid | Q8: =SUM('Invoice Data'!$M$8:$M$658) -> #N/A
A9: 30017 | B9: 0 | D9: 5193 | E9: 1 | F9: =IF(E9>=2,"Y", "") | G9: =IF(F9="y",D9*5%,0) -> 0 | H9: =IF(AND(B9>0,C9<>"Y"),B9*10%,0) -> 0 | I9: 0 | J9: TRUE | K9: =IF(OR(I9>=16,J9),250,0) -> 250 | L9: ='Invoice Data'!$B9+'Invoice Data'!$D9-'Invoice Data'!$G9-'Invoice Data'!$K9+'Invoice Data'!$H9 -> 4943 | M9: =VLOOKUP('Invoice Data'!$A9,BPay!$B$4:$D$10,3,0) -> 5193 | P9: Average New Balance | Q9: =AVERAGE('Invoice Data'!$N$8:$N$658) -> #DIV/0!
A10: 30035 | B10: 3645 | D10: 5086 | E10: 1 | F10: =IF(E10>=2,"Y", "") | G10: =IF(F10="y",D10*5%,0) -> 0 | H10: =IF(AND(B10>0,C10<>"Y"),B10*10%,0) -> 364.5 | I10: 5 | K10: =IF(OR(I10>=16,J10),250,0) -> 0 | L10: ='Invoice Data'!$B10+'Invoice Data'!$D10-'Invoice Data'!$G10-'Invoice Data'!$K10+'Invoice Data'!$H10 -> 9095.5 | M10: =VLOOKUP('Invoice Data'!$A10,BPay!$B$4:$D$10,3,0) -> 8731
A11: 30044 | B11: 548.45 | C11: Y | D11: 3589 | E11: 1 | F11: =IF(E11>=2,"Y", "") | G11: =IF(F11="y",D11*5%,0) -> 0 | H11: =IF(AND(B11>0,C11<>"Y"),B11*10%,0) -> 0 | I11: 6 | K11: =IF(OR(I11>=16,J11),250,0) -> 0 | L11: ='Invoice Data'!$B11+'Invoice Data'!$D11-'Invoice Data'!$G11-'Invoice Data'!$K11+'Invoice Data'!$H11 -> 4137.45 | M11: =VLOOKUP('Invoice Data'!$A11,BPay!$B$4:$D$10,3,0) -> 3589
A12: 30053 | B12: 0 | D12: 7377 | E12: 2 | F12: =IF(E12>=2,"Y", "") -> Y | G12: =IF(F12="y",D12*5%,0) -> 368.85 | H12: =IF(AND(B12>0,C12<>"Y"),B12*10%,0) -> 0 | I12: 0 | K12: =IF(OR(I12>=16,J12),250,0) -> 0 | L12: ='Invoice Data'!$B12+'Invoice Data'!$D12-'Invoice Data'!$G12-'Invoice Data'!$K12+'Invoice Data'!$H12 -> 7008.15 | M12: =VLOOKUP('Invoice Data'!$A12,BPay!$B$4:$D$10,3,0) -> 7377
A13: 30099 | B13: 0 | D13: 3554 | E13: 1 | F13: =IF(E13>=2,"Y", "") | G13: =IF(F13="y",D13*5%,0) -> 0 | H13: =IF(AND(B13>0,C13<>"Y"),B13*10%,0) -> 0 | I13: 9 | K13: =IF(OR(I13>=16,J13),250,0) -> 0 | L13: ='Invoice Data'!$B13+'Invoice Data'!$D13-'Invoice Data'!$G13-'Invoice Data'!$K13+'Invoice Data'!$H13 -> 3554 | M13: =VLOOKUP('Invoice Data'!$A13,BPay!$B$4:$D$10,3,0) -> #N/A
A14: 30115 | B14: -1200 | D14: 4650 | E14: 1 | F14: =IF(E14>=2,"Y", "") | G14: =IF(F14="y",D14*5%,0) -> 0 | H14: =IF(AND(B14>0,C14<>"Y"),B14*10%,0) -> 0 | I14: 0 | J14: TRUE | K14: =IF(OR(I14>=16,J14),250,0) -> 250 | L14: ='Invoice Data'!$B14+'Invoice Data'!$D14-'Invoice Data'!$G14-'Invoice Data'!$K14+'Invoice Data'!$H14 -> 3200 | M14: =VLOOKUP('Invoice Data'!$A14,BPay!$B$4:$D$10,3,0) -> #N/A
A15: 30133 | B15: 0 | D15: 9031 | E15: 2 | F15: =IF(E15>=2,"Y", "") -> Y | G15: =IF(F15="y",D15*5%,0) -> 451.55 | H15: =IF(AND(B15>0,C15<>"Y"),B15*10%,0) -> 0 | I15: 7 | K15: =IF(OR(I15>=16,J15),250,0) -> 0 | L15: ='Invoice Data'!$B15+'Invoice Data'!$D15-'Invoice Data'!$G15-'Invoice Data'!$K15+'Invoice Data'!$H15 -> 8579.45 | M15: =VLOOKUP('Invoice Data'!$A15,BPay!$B$4:$D$10,3,0) -> 7377
A16: 30142 | B16: 0 | D16: 3943 | E16: 1 | F16: =IF(E16>=2,"Y", "") | G16: =IF(F16="y",D16*5%,0) -> 0 | H16: =IF(AND(B16>0,C16<>"Y"),B16*10%,0) -> 0 | I16: 2 | K16: =IF(OR(I16>=16,J16),250,0) -> 0 | L16: ='Invoice Data'!$B16+'Invoice Data'!$D16-'Invoice Data'!$G16-'Invoice Data'!$K16+'Invoice Data'!$H16 -> 3943 | M16: =VLOOKUP('Invoice Data'!$A16,BPay!$B$4:$D$10,3,0) -> #N/A
A17: 30151 | B17: 0 | D17: 4197 | E17: 1 | F17: =IF(E17>=2,"Y", "") | G17: =IF(F17="y",D17*5%,0) -> 0 | H17: =IF(AND(B17>0,C17<>"Y"),B17*10%,0) -> 0 | I17: 16 | K17: =IF(OR(I17>=16,J17),250,0) -> 250 | L17: ='Invoice Data'!$B17+'Invoice Data'!$D17-'Invoice Data'!$G17-'Invoice Data'!$K17+'Invoice Data'!$H17 -> 3947 | M17: =VLOOKUP('Invoice Data'!$A17,BPay!$B$4:$D$10,3,0) -> #N/A
A18: 30160 | B18: 0 | D18: 8234 | E18: 2 | F18: =IF(E18>=2,"Y", "") -> Y | G18: =IF(F18="y",D18*5%,0) -> 411.7 | H18: =IF(AND(B18>0,C18<>"Y"),B18*10%,0) -> 0 | I18: 18 | K18: =IF(OR(I18>=16,J18),250,0) -> 250 | L18: ='Invoice Data'!$B18+'Invoice Data'!$D18-'Invoice Data'!$G18-'Invoice Data'!$K18+'Invoice Data'!$H18 -> 7572.3 | M18: =VLOOKUP('Invoice Data'!$A18,BPay!$B$4:$D$10,3,0) -> #N/A
A19: 30188 | B19: 0 | D19: 6278 | E19: 2 | F19: =IF(E19>=2,"Y", "") -> Y | G19: =IF(F19="y",D19*5%,0) -> 313.9 | H19: =IF(AND(B19>0,C19<>"Y"),B19*10%,0) -> 0 | I19: 16 | K19: =IF(OR(I19>=16,J19),250,0) -> 250 | L19: ='Invoice Data'!$B19+'Invoice Data'!$D19-'Invoice Data'!$G19-'Invoice Data'!$K19+'Invoice Data'!$H19 -> 5714.1 | M19: =VLOOKUP('Invoice Data'!$A19,BPay!$B$4:$D$10,3,0) -> #N/A
A20: 30197 | B20: 0 | D20: 18626 | E20: 4 | F20: =IF(E20>=2,"Y", "") -> Y | G20: =IF(F20="y",D20*5%,0) -> 931.3 | H20: =IF(AND(B20>0,C20<>"Y"),B20*10%,0) -> 0 | I20: 0 | K20: =IF(OR(I20>=16,J20),250,0) -> 0 | L20: ='Invoice Data'!$B20+'Invoice Data'!$D20-'Invoice Data'!$G20-'Invoice Data'!$K20+'Invoice Data'!$H20 -> 17694.7 | M20: =VLOOKUP('Invoice Data'!$A20,BPay!$B$4:$D$10,3,0) -> #N/A
A21: 30204 | B21: 0 | D21: 9386 | E21: 2 | F21: =IF(E21>=2,"Y", "") -> Y | G21: =IF(F21="y",D21*5%,0) -> 469.3 | H21: =IF(AND(B21>0,C21<>"Y"),B21*10%,0) -> 0 | I21: 0 | J21: TRUE | K21: =IF(OR(I21>=16,J21),250,0) -> 250 | L21: ='Invoice Data'!$B21+'Invoice Data'!$D21-'Invoice Data'!$G21-'Invoice Data'!$K21+'Invoice Data'!$H21 -> 8666.7 | M21: =VLOOKUP('Invoice Data'!$A21,BPay!$B$4:$D$10,3,0) -> #N/A
A22: 30213 | B22: 0 | D22: 10092 | E22: 2 | F22: =IF(E22>=2,"Y", "") -> Y | G22: =IF(F22="y",D22*5%,0) -> 504.6 | H22: =IF(AND(B22>0,C22<>"Y"),B22*10%,0) -> 0 | I22: 10 | K22: =IF(OR(I22>=16,J22),250,0) -> 0 | L22: ='Invoice Data'!$B22+'Invoice Data'!$D22-'Invoice Data'!$G22-'Invoice Data'!$K22+'Invoice Data'!$H22 -> 9587.4 | M22: =VLOOKUP('Invoice Data'!$A22,BPay!$B$4:$D$10,3,0) -> #N/A
A23: 30222 | B23: 0 | D23: 3838 | E23: 1 | F23: =IF(E23>=2,"Y", "") | G23: =IF(F23="y",D23*5%,0) -> 0 | H23: =IF(AND(B23>0,C23<>"Y"),B23*10%,0) -> 0 | I23: 3 | K23: =IF(OR(I23>=16,J23),250,0) -> 0 | L23: ='Invoice Data'!$B23+'Invoice Data'!$D23-'Invoice Data'!$G23-'Invoice Data'!$K23+'Invoice Data'!$H23 -> 3838 | M23: =VLOOKUP('Invoice Data'!$A23,BPay!$B$4:$D$10,3,0) -> 3838
A24: 30240 | B24: 0 | D24: 4160 | E24: 1 | F24: =IF(E24>=2,"Y", "") | G24: =IF(F24="y",D24*5%,0) -> 0 | H24: =IF(AND(B24>0,C24<>"Y"),B24*10%,0) -> 0 | I24: 2 | K24: =IF(OR(I24>=16,J24),250,0) -> 0 | L24: ='Invoice Data'!$B24+'Invoice Data'!$D24-'Invoice Data'!$G24-'Invoice Data'!$K24+'Invoice Data'!$H24 -> 4160 | M24: =VLOOKUP('Invoice Data'!$A24,BPay!$B$4:$D$10,3,0) -> #N/A
A25: 30259 | B25: 0 | D25: 7875 | E25: 2 | F25: =IF(E25>=2,"Y", "") -> Y | G25: =IF(F25="y",D25*5%,0) -> 393.75 | H25: =IF(AND(B25>0,C25<>"Y"),B25*10%,0) -> 0 | I25: 1 | K25: =IF(OR(I25>=16,J25),250,0) -> 0 | L25: ='Invoice Data'!$B25+'Invoice Data'!$D25-'Invoice Data'!$G25-'Invoice Data'!$K25+'Invoice Data'!$H25 -> 7481.25 | M25: =VLOOKUP('Invoice Data'!$A25,BPay!$B$4:$D$10,3,0) -> #N/A
A26: 30268 | B26: 2279 | D26: 8867 | E26: 2 | F26: =IF(E26>=2,"Y", "") -> Y | G26: =IF(F26="y",D26*5%,0) -> 443.35 | H26: =IF(AND(B26>0,C26<>"Y"),B26*10%,0) -> 227.9 | I26: 16 | K26: =IF(OR(I26>=16,J26),250,0) -> 250 | L26: ='Invoice Data'!$B26+'Invoice Data'!$D26-'Invoice Data'!$G26-'Invoice Data'!$K26+'Invoice Data'!$H26 -> 10680.55 | M26: =VLOOKUP('Invoice Data'!$A26,BPay!$B$4:$D$10,3,0) -> #N/A
A27: 30277 | B27: 0 | D27: 9970 | E27: 2 | F27: =IF(E27>=2,"Y", "") -> Y | G27: =IF(F27="y",D27*5%,0) -> 498.5 | H27: =IF(AND(B27>0,C27<>"Y"),B27*10%,0) -> 0 | I27: 0 | K27: =IF(OR(I27>=16,J27),250,0) -> 0 | L27: ='Invoice Data'!$B27+'Invoice Data'!$D27-'Invoice Data'!$G27-'Invoice Data'!$K27+'Invoice Data'!$H27 -> 9471.5 | M27: =VLOOKUP('Invoice Data'!$A27,BPay!$B$4:$D$10,3,0) -> #N/A
A28: 30295 | B28: 0 | D28: 9383 | E28: 2 | F28: =IF(E28>=2,"Y", "") -> Y | G28: =IF(F28="y",D28*5%,0) -> 469.15 | H28: =IF(AND(B28>0,C28<>"Y"),B28*10%,0) -> 0 | I28: 16 | K28: =IF(OR(I28>=16,J28),250,0) -> 250 | L28: ='Invoice Data'!$B28+'Invoice Data'!$D28-'Invoice Data'!$G28-'Invoice Data'!$K28+'Invoice Data'!$H28 -> 8663.85 | M28: =VLOOKUP('Invoice Data'!$A28,BPay!$B$4:$D$10,3,0) -> #N/A
A29: 30357 | B29: -200 | D29: 5449 | E29: 1 | F29: =IF(E29>=2,"Y", "") | G29: =IF(F29="y",D29*5%,0) -> 0 | H29: =IF(AND(B29>0,C29<>"Y"),B29*10%,0) -> 0 | I29: 16 | K29: =IF(OR(I29>=16,J29),250,0) -> 250 | L29: ='Invoice Data'!$B29+'Invoice Data'!$D29-'Invoice Data'!$G29-'Invoice Data'!$K29+'Invoice Data'!$H29 -> 4999 | M29: =VLOOKUP('Invoice Data'!$A29,BPay!$B$4:$D$10,3,0) -> #N/A
A30: 30366 | B30: 0 | D30: 6429 | E30: 2 | F30: =IF(E30>=2,"Y", "") -> Y | G30: =IF(F30="y",D30*5%,0) -> 321.45 | H30: =IF(AND(B30>0,C30<>"Y"),B30*10%,0) -> 0 | I30: 10 | K30: =IF(OR(I30>=16,J30),250,0) -> 0 | L30: ='Invoice Data'!$B30+'Invoice Data'!$D30-'Invoice Data'!$G30-'Invoice Data'!$K30+'Invoice Data'!$H30 -> 6107.55 | M30: =VLOOKUP('Invoice Data'!$A30,BPay!$B$4:$D$10,3,0) -> #N/A
A31: 30400 | B31: 0 | D31: 9103 | E31: 2 | F31: =IF(E31>=2,"Y", "") -> Y | G31: =IF(F31="y",D31*5%,0) -> 455.15 | H31: =IF(AND(B31>0,C31<>"Y"),B31*10%,0) -> 0 | I31: 13 | K31: =IF(OR(I31>=16,J31),250,0) -> 0 | L31: ='Invoice Data'!$B31+'Invoice Data'!$D31-'Invoice Data'!$G31-'Invoice Data'!$K31+'Invoice Data'!$H31 -> 8647.85 | M31: =VLOOKUP('Invoice Data'!$A31,BPay!$B$4:$D$10,3,0) -> #N/A
A32: 30428 | B32: 0 | D32: 3812 | E32: 1 | F32: =IF(E32>=2,"Y", "") | G32: =IF(F32="y",D32*5%,0) -> 0 | H32: =IF(AND(B32>0,C32<>"Y"),B32*10%,0) -> 0 | I32: 6 | K32: =IF(OR(I32>=16,J32),250,0) -> 0 | L32: ='Invoice Data'!$B32+'Invoice Data'!$D32-'Invoice Data'!$G32-'Invoice Data'!$K32+'Invoice Data'!$H32 -> 3812 | M32: =VLOOKUP('Invoice Data'!$A32,BPay!$B$4:$D$10,3,0) -> #N/A
A33: 30437 | B33: 0 | D33: 4749 | E33: 1 | F33: =IF(E33>=2,"Y", "") | G33: =IF(F33="y",D33*5%,0) -> 0 | H33: =IF(AND(B33>0,C33<>"Y"),B33*10%,0) -> 0 | I33: 2 | K33: =IF(OR(I33>=16,J33),250,0) -> 0 | L33: ='Invoice Data'!$B33+'Invoice Data'!$D33-'Invoice Data'!$G33-'Invoice Data'!$K33+'Invoice Data'!$H33 -> 4749 | M33: =VLOOKUP('Invoice Data'!$A33,BPay!$B$4:$D$10,3,0) -> #N/A
... A36: 30464 | B36: 0 | D36: 4597 | E36: 1 | F36: =IF(E36>=2,"Y", "") | G36: =IF(F36="y",D36*5%,0) -> 0 | H36: =IF(AND(B36>0,C36<>"Y"),B36*10%,0) -> 0 | I36: 2 | K36: =IF(OR(I36>=16,J36),250,0) -> 0 | L36: ='Invoice Data'!$B36+'Invoice Data'!$D36-'Invoice Data'!$G36-'Invoice Data'!$K36+'Invoice Data'!$H36 -> 4597 | M36: =VLOOKUP('Invoice Data'!$A36,BPay!$B$4:$D$10,3,0) -> #N/A
A37: 30473 | B37: 0 | D37: 4239 | E37: 1 | F37: =IF(E37>=2,"Y", "") | G37: =IF(F37="y",D37*5%,0) -> 0 | H37: =IF(AND(B37>0,C37<>"Y"),B37*10%,0) -> 0 | I37: 0 | J37: TRUE | K37: =IF(OR(I37>=16,J37),250,0) -> 250 | L37: ='Invoice Data'!$B37+'Invoice Data'!$D37-'Invoice Data'!$G37-'Invoice Data'!$K37+'Invoice Data'!$H37 -> 3989 | M37: =VLOOKUP('Invoice Data'!$A37,BPay!$B$4:$D$10,3,0) -> #N/A
A38: 30482 | B38: 0 | D38: 3736 | E38: 1 | F38: =IF(E38>=2,"Y", "") | G38: =IF(F38="y",D38*5%,0) -> 0 | H38: =IF(AND(B38>0,C38<>"Y"),B38*10%,0) -> 0 | I38: 0 | K38: =IF(OR(I38>=16,J38),250,0) -> 0 | L38: ='Invoice Data'!$B38+'Invoice Data'!$D38-'Invoice Data'!$G38-'Invoice Data'!$K38+'Invoice Data'!$H38 -> 3736 | M38: =VLOOKUP('Invoice Data'!$A38,BPay!$B$4:$D$10,3,0) -> #N/A
A39: 30491 | B39: 0 | D39: 5111 | E39: 1 | F39: =IF(E39>=2,"Y", "") | G39: =IF(F39="y",D39*5%,0) -> 0 | H39: =IF(AND(B39>0,C39<>"Y"),B39*10%,0) -> 0 | I39: 6 | K39: =IF(OR(I39>=16,J39),250,0) -> 0 | L39: ='Invoice Data'!$B39+'Invoice Data'!$D39-'Invoice Data'!$G39-'Invoice Data'!$K39+'Invoice Data'!$H39 -> 5111 | M39: =VLOOKUP('Invoice Data'!$A39,BPay!$B$4:$D$10,3,0) -> #N/A
A40: 30623 | B40: 0 | D40: 8470 | E40: 2 | F40: =IF(E40>=2,"Y", "") -> Y | G40: =IF(F40="y",D40*5%,0) -> 423.5 | H40: =IF(AND(B40>0,C40<>"Y"),B40*10%,0) -> 0 | I40: 13 | K40: =IF(OR(I40>=16,J40),250,0) -> 0 | L40: ='Invoice Data'!$B40+'Invoice Data'!$D40-'Invoice Data'!$G40-'Invoice Data'!$K40+'Invoice Data'!$H40 -> 8046.5 | M40: =VLOOKUP('Invoice Data'!$A40,BPay!$B$4:$D$10,3,0) -> #N/A
A41: 30632 | B41: 0 | D41: 4365 | E41: 1 | F41: =IF(E41>=2,"Y", "") | G41: =IF(F41="y",D41*5%,0) -> 0 | H41: =IF(AND(B41>0,C41<>"Y"),B41*10%,0) -> 0 | I41: 0 | K41: =IF(OR(I41>=16,J41),250,0) -> 0 | L41: ='Invoice Data'!$B41+'Invoice Data'!$D41-'Invoice Data'!$G41-'Invoice Data'!$K41+'Invoice Data'!$H41 -> 4365 | M41: =VLOOKUP('Invoice Data'!$A41,BPay!$B$4:$D$10,3,0) -> #N/A
A42: 30650 | B42: 0 | D42: 9405 | E42: 2 | F42: =IF(E42>=2,"Y", "") -> Y | G42: =IF(F42="y",D42*5%,0) -> 470.25 | H42: =IF(AND(B42>0,C42<>"Y"),B42*10%,0) -> 0 | I42: 3 | K42: =IF(OR(I42>=16,J42),250,0) -> 0 | L42: ='Invoice Data'!$B42+'Invoice Data'!$D42-'Invoice Data'!$G42-'Invoice Data'!$K42+'Invoice Data'!$H42 -> 8934.75 | M42: =VLOOKUP('Invoice Data'!$A42,BPay!$B$4:$D$10,3,0) -> #N/A
A43: 30678 | B43: 0 | D43: 3549 | E43: 1 | F43: =IF(E43>=2,"Y", "") | G43: =IF(F43="y",D43*5%,0) -> 0 | H43: =IF(AND(B43>0,C43<>"Y"),B43*10%,0) -> 0 | I43: 15 | K43: =IF(OR(I43>=16,J43),250,0) -> 0 | L43: ='Invoice Data'!$B43+'Invoice Data'!$D43-'Invoice Data'!$G43-'Invoice Data'!$K43+'Invoice Data'!$H43 -> 3549 | M43: =VLOOKUP('Invoice Data'!$A43,BPay!$B$4:$D$10,3,0) -> #N/A
A44: 30696 | B44: 0 | D44: 5218 | E44: 1 | F44: =IF(E44>=2,"Y", "") | G44: =IF(F44="y",D44*5%,0) -> 0 | H44: =IF(AND(B44>0,C44<>"Y"),B44*10%,0) -> 0 | I44: 12 | K44: =IF(OR(I44>=16,J44),250,0) -> 0 | L44: ='Invoice Data'!$B44+'Invoice Data'!$D44-'Invoice Data'!$G44-'Invoice Data'!$K44+'Invoice Data'!$H44 -> 5218 | M44: =VLOOKUP('Invoice Data'!$A44,BPay!$B$4:$D$10,3,0) -> #N/A
A45: 30721 | B45: 0 | D45: 9778 | E45: 2 | F45: =IF(E45>=2,"Y", "") -> Y | G45: =IF(F45="y",D45*5%,0) -> 488.9 | H45: =IF(AND(B45>0,C45<>"Y"),B45*10%,0) -> 0 | I45: 1 | K45: =IF(OR(I45>=16,J45),250,0) -> 0 | L45: ='Invoice Data'!$B45+'Invoice Data'!$D45-'Invoice Data'!$G45-'Invoice Data'!$K45+'Invoice Data'!$H45 -> 9289.1 | M45: =VLOOKUP('Invoice Data'!$A45,BPay!$B$4:$D$10,3,0) -> #N/A
A46: 30730 | B46: 0 | D46: 3347 | E46: 1 | F46: =IF(E46>=2,"Y", "") | G46: =IF(F46="y",D46*5%,0) -> 0 | H46: =IF(AND(B46>0,C46<>"Y"),B46*10%,0) -> 0 | I46: 12 | K46: =IF(OR(I46>=16,J46),250,0) -> 0 | L46: ='Invoice Data'!$B46+'Invoice Data'!$D46-'Invoice Data'!$G46-'Invoice Data'!$K46+'Invoice Data'!$H46 -> 3347 | M46: =VLOOKUP('Invoice Data'!$A46,BPay!$B$4:$D$10,3,0) -> #N/A
A47: 30749 | B47: 0 | D47: 8605 | E47: 2 | F47: =IF(E47>=2,"Y", "") -> Y | G47: =IF(F47="y",D47*5%,0) -> 430.25 | H47: =IF(AND(B47>0,C47<>"Y"),B47*10%,0) -> 0 | I47: 4 | K47: =IF(OR(I47>=16,J47),250,0) -> 0 | L47: ='Invoice Data'!$B47+'Invoice Data'!$D47-'Invoice Data'!$G47-'Invoice Data'!$K47+'Invoice Data'!$H47 -> 8174.75 | M47: =VLOOKUP('Invoice Data'!$A47,BPay!$B$4:$D$10,3,0) -> #N/A
A48: 30758 | B48: 0 | D48: 4856 | E48: 1 | F48: =IF(E48>=2,"Y", "") | G48: =IF(F48="y",D48*5%,0) -> 0 | H48: =IF(AND(B48>0,C48<>"Y"),B48*10%,0) -> 0 | I48: 16 | K48: =IF(OR(I48>=16,J48),250,0) -> 250 | L48: ='Invoice Data'!$B48+'Invoice Data'!$D48-'Invoice Data'!$G48-'Invoice Data'!$K48+'Invoice Data'!$H48 -> 4606 | M48: =VLOOKUP('Invoice Data'!$A48,BPay!$B$4:$D$10,3,0) -> #N/A
A49: 30767 | B49: 0 | D49: 6675 | E49: 2 | F49: =IF(E49>=2,"Y", "") -> Y | G49: =IF(F49="y",D49*5%,0) -> 333.75 | H49: =IF(AND(B49>0,C49<>"Y"),B49*10%,0) -> 0 | I49: 9 | K49: =IF(OR(I49>=16,J49),250,0) -> 0 | L49: ='Invoice Data'!$B49+'Invoice Data'!$D49-'Invoice Data'!$G49-'Invoice Data'!$K49+'Invoice Data'!$H49 -> 6341.25 | M49: =VLOOKUP('Invoice Data'!$A49,BPay!$B$4:$D$10,3,0) -> #N/A
... A74: 31025 | B74: 0 | D74: 3367 | E74: 1 | F74: =IF(E74>=2,"Y", "") | G74: =IF(F74="y",D74*5%,0) -> 0 | H74: =IF(AND(B74>0,C74<>"Y"),B74*10%,0) -> 0 | I74: 16 | K74: =IF(OR(I74>=16,J74),250,0) -> 250 | L74: ='Invoice Data'!$B74+'Invoice Data'!$D74-'Invoice Data'!$G74-'Invoice Data'!$K74+'Invoice Data'!$H74 -> 3117 | M74: =VLOOKUP('Invoice Data'!$A74,BPay!$B$4:$D$10,3,0) -> #N/A
A75: 31034 | B75: 0 | D75: 3904 | E75: 1 | F75: =IF(E75>=2,"Y", "") | G75: =IF(F75="y",D75*5%,0) -> 0 | H75: =IF(AND(B75>0,C75<>"Y"),B75*10%,0) -> 0 | I75: 0 | J75: TRUE | K75: =IF(OR(I75>=16,J75),250,0) -> 250 | L75: ='Invoice Data'!$B75+'Invoice Data'!$D75-'Invoice Data'!$G75-'Invoice Data'!$K75+'Invoice Data'!$H75 -> 3654 | M75: =VLOOKUP('Invoice Data'!$A75,BPay!$B$4:$D$10,3,0) -> #N/A
A76: 31043 | B76: 0 | D76: 6724 | E76: 2 | F76: =IF(E76>=2,"Y", "") -> Y | G76: =IF(F76="y",D76*5%,0) -> 336.2 | H76: =IF(AND(B76>0,C76<>"Y"),B76*10%,0) -> 0 | I76: 6 | K76: =IF(OR(I76>=16,J76),250,0) -> 0 | L76: ='Invoice Data'!$B76+'Invoice Data'!$D76-'Invoice Data'!$G76-'Invoice Data'!$K76+'Invoice Data'!$H76 -> 6387.8 | M76: =VLOOKUP('Invoice Data'!$A76,BPay!$B$4:$D$10,3,0) -> #N/A
A77: 31052 | B77: 0 | D77: 4386 | E77: 1 | F77: =IF(E77>=2,"Y", "") | G77: =IF(F77="y",D77*5%,0) -> 0 | H77: =IF(AND(B77>0,C77<>"Y"),B77*10%,0) -> 0 | I77: 10 | K77: =IF(OR(I77>=16,J77),250,0) -> 0 | L77: ='Invoice Data'!$B77+'Invoice Data'!$D77-'Invoice Data'!$G77-'Invoice Data'!$K77+'Invoice Data'!$H77 -> 4386 | M77: =VLOOKUP('Invoice Data'!$A77,BPay!$B$4:$D$10,3,0) -> #N/A
A78: 31061 | B78: 0 | D78: 3870 | E78: 1 | F78: =IF(E78>=2,"Y", "") | G78: =IF(F78="y",D78*5%,0) -> 0 | H78: =IF(AND(B78>0,C78<>"Y"),B78*10%,0) -> 0 | I78: 4 | K78: =IF(OR(I78>=16,J78),250,0) -> 0 | L78: ='Invoice Data'!$B78+'Invoice Data'!$D78-'Invoice Data'!$G78-'Invoice Data'!$K78+'Invoice Data'!$H78 -> 3870 | M78: =VLOOKUP('Invoice Data'!$A78,BPay!$B$4:$D$10,3,0) -> #N/A
A79: 31070 | B79: 0 | D79: 7291 | E79: 2 | F79: =IF(E79>=2,"Y", "") -> Y | G79: =IF(F79="y",D79*5%,0) -> 364.55 | H79: =IF(AND(B79>0,C79<>"Y"),B79*10%,0) -> 0 | I79: 12 | K79: =IF(OR(I79>=16,J79),250,0) -> 0 | L79: ='Invoice Data'!$B79+'Invoice Data'!$D79-'Invoice Data'!$G79-'Invoice Data'!$K79+'Invoice Data'!$H79 -> 6926.45 | M79: =VLOOKUP('Invoice Data'!$A79,BPay!$B$4:$D$10,3,0) -> #N/A
A80: 31089 | B80: 0 | D80: 3523 | E80: 1 | F80: =IF(E80>=2,"Y", "") | G80: =IF(F80="y",D80*5%,0) -> 0 | H80: =IF(AND(B80>0,C80<>"Y"),B80*10%,0) -> 0 | I80: 5 | K80: =IF(OR(I80>=16,J80),250,0) -> 0 | L80: ='Invoice Data'!$B80+'Invoice Data'!$D80-'Invoice Data'!$G80-'Invoice Data'!$K80+'Invoice Data'!$H80 -> 3523 | M80: =VLOOKUP('Invoice Data'!$A80,BPay!$B$4:$D$10,3,0) -> #N/A
A81: 31098 | B81: 0 | D81: 4118 | E81: 1 | F81: =IF(E81>=2,"Y", "") | G81: =IF(F81="y",D81*5%,0) -> 0 | H81: =IF(AND(B81>0,C81<>"Y"),B81*10%,0) -> 0 | I81: 10 | K81: =IF(OR(I81>=16,J81),250,0) -> 0 | L81: ='Invoice Data'!$B81+'Invoice Data'!$D81-'Invoice Data'!$G81-'Invoice Data'!$K81+'Invoice Data'!$H81 -> 4118 | M81: =VLOOKUP('Invoice Data'!$A81,BPay!$B$4:$D$10,3,0) -> #N/A
A82: 31105 | B82: 0 | D82: 3834 | E82: 1 | F82: =IF(E82>=2,"Y", "") | G82: =IF(F82="y",D82*5%,0) -> 0 | H82: =IF(AND(B82>0,C82<>"Y"),B82*10%,0) -> 0 | I82: 13 | K82: =IF(OR(I82>=16,J82),250,0) -> 0 | L82: ='Invoice Data'!$B82+'Invoice Data'!$D82-'Invoice Data'!$G82-'Invoice Data'!$K82+'Invoice Data'!$H82 -> 3834 | M82: =VLOOKUP('Invoice Data'!$A82,BPay!$B$4:$D$10,3,0) -> #N/A
A83: 31114 | B83: 0 | D83: 9506 | E83: 2 | F83: =IF(E83>=2,"Y", "") -> Y | G83: =IF(F83="y",D83*5%,0) -> 475.3 | H83: =IF(AND(B83>0,C83<>"Y"),B83*10%,0) -> 0 | I83: 1 | K83: =IF(OR(I83>=16,J83),250,0) -> 0 | L83: ='Invoice Data'!$B83+'Invoice Data'!$D83-'Invoice Data'!$G83-'Invoice Data'!$K83+'Invoice Data'!$H83 -> 9030.7 | M83: =VLOOKUP('Invoice Data'!$A83,BPay!$B$4:$D$10,3,0) -> #N/A
A84: 31123 | B84: 0 | D84: 9293 | E84: 2 | F84: =IF(E84>=2,"Y", "") -> Y | G84: =IF(F84="y",D84*5%,0) -> 464.65 | H84: =IF(AND(B84>0,C84<>"Y"),B84*10%,0) -> 0 | I84: 14 | K84: =IF(OR(I84>=16,J84),250,0) -> 0 | L84: ='Invoice Data'!$B84+'Invoice Data'!$D84-'Invoice Data'!$G84-'Invoice Data'!$K84+'Invoice Data'!$H84 -> 8828.35 | M84: =VLOOKUP('Invoice Data'!$A84,BPay!$B$4:$D$10,3,0) -> #N/A
A85: 31132 | B85: 0 | D85: 8464 | E85: 2 | F85: =IF(E85>=2,"Y", "") -> Y | G85: =IF(F85="y",D85*5%,0) -> 423.2 | H85: =IF(AND(B85>0,C85<>"Y"),B85*10%,0) -> 0 | I85: 15 | K85: =IF(OR(I85>=16,J85),250,0) -> 0 | L85: ='Invoice Data'!$B85+'Invoice Data'!$D85-'Invoice Data'!$G85-'Invoice Data'!$K85+'Invoice Data'!$H85 -> 8040.8 | M85: =VLOOKUP('Invoice Data'!$A85,BPay!$B$4:$D$10,3,0) -> #N/A
A86: 31141 | B86: 0 | D86: 10173 | E86: 2 | F86: =IF(E86>=2,"Y", "") -> Y | G86: =IF(F86="y",D86*5%,0) -> 508.65 | H86: =IF(AND(B86>0,C86<>"Y"),B86*10%,0) -> 0 | I86: 4 | K86: =IF(OR(I86>=16,J86),250,0) -> 0 | L86: ='Invoice Data'!$B86+'Invoice Data'!$D86-'Invoice Data'!$G86-'Invoice Data'!$K86+'Invoice Data'!$H86 -> 9664.35 | M86: =VLOOKUP('Invoice Data'!$A86,BPay!$B$4:$D$10,3,0) -> #N/A
A87: 31150 | B87: 0 | D87: 8991 | E87: 2 | F87: =IF(E87>=2,"Y", "") -> Y | G87: =IF(F87="y",D87*5%,0) -> 449.55 | H87: =IF(AND(B87>0,C87<>"Y"),B87*10%,0) -> 0 | I87: 14 | K87: =IF(OR(I87>=16,J87),250,0) -> 0 | L87: ='Invoice Data'!$B87+'Invoice Data'!$D87-'Invoice Data'!$G87-'Invoice Data'!$K87+'Invoice Data'!$H87 -> 8541.45 | M87: =VLOOKUP('Invoice Data'!$A87,BPay!$B$4:$D$10,3,0) -> #N/A
... A110: 31383 | B110: 0 | D110: 10253 | E110: 2 | F110: =IF(E110>=2,"Y", "") -> Y | G110: =IF(F110="y",D110*5%,0) -> 512.65 | H110: =IF(AND(B110>0,C110<>"Y"),B110*10%,0) -> 0 | I110: 6 | K110: =IF(OR(I110>=16,J110),250,0) -> 0 | L110: ='Invoice Data'!$B110+'Invoice Data'!$D110-'Invoice Data'!$G110-'Invoice Data'!$K110+'Invoice Data'!$H110 -> 9740.35 | M110: =VLOOKUP('Invoice Data'!$A110,BPay!$B$4:$D$10,3,0) -> #N/A
A111: 31392 | B111: 0 | D111: 3767 | E111: 1 | F111: =IF(E111>=2,"Y", "") | G111: =IF(F111="y",D111*5%,0) -> 0 | H111: =IF(AND(B111>0,C111<>"Y"),B111*10%,0) -> 0 | I111: 0 | J111: TRUE | K111: =IF(OR(I111>=16,J111),250,0) -> 250 | L111: ='Invoice Data'!$B111+'Invoice Data'!$D111-'Invoice Data'!$G111-'Invoice Data'!$K111+'Invoice Data'!$H111 -> 3517 | M111: =VLOOKUP('Invoice Data'!$A111,BPay!$B$4:$D$10,3,0) -> #N/A
A112: 31409 | B112: 0 | D112: 11564 | E112: 3 | F112: =IF(E112>=2,"Y", "") -> Y | G112: =IF(F112="y",D112*5%,0) -> 578.2 | H112: =IF(AND(B112>0,C112<>"Y"),B112*10%,0) -> 0 | I112: 1 | K112: =IF(OR(I112>=16,J112),250,0) -> 0 | L112: ='Invoice Data'!$B112+'Invoice Data'!$D112-'Invoice Data'!$G112-'Invoice Data'!$K112+'Invoice Data'!$H112 -> 10985.8 | M112: =VLOOKUP('Invoice Data'!$A112,BPay!$B$4:$D$10,3,0) -> #N/A
A113: 31418 | B113: 0 | D113: 3728 | E113: 1 | F113: =IF(E113>=2,"Y", "") | G113: =IF(F113="y",D113*5%,0) -> 0 | H113: =IF(AND(B113>0,C113<>"Y"),B113*10%,0) -> 0 | I113: 11 | K113: =IF(OR(I113>=16,J113),250,0) -> 0 | L113: ='Invoice Data'!$B113+'Invoice Data'!$D113-'Invoice Data'!$G113-'Invoice Data'!$K113+'Invoice Data'!$H113 -> 3728 | M113: =VLOOKUP('Invoice Data'!$A113,BPay!$B$4:$D$10,3,0) -> #N/A
A114: 31427 | B114: 0 | D114: 4291 | E114: 1 | F114: =IF(E114>=2,"Y", "") | G114: =IF(F114="y",D114*5%,0) -> 0 | H114: =IF(AND(B114>0,C114<>"Y"),B114*10%,0) -> 0 | I114: 15 | K114: =IF(OR(I114>=16,J114),250,0) -> 0 | L114: ='Invoice Data'!$B114+'Invoice Data'!$D114-'Invoice Data'!$G114-'Invoice Data'!$K114+'Invoice Data'!$H114 -> 4291 | M114: =VLOOKUP('Invoice Data'!$A114,BPay!$B$4:$D$10,3,0) -> #N/A
A115: 31436 | B115: 0 | D115: 5511 | E115: 1 | F115: =IF(E115>=2,"Y", "") | G115: =IF(F115="y",D115*5%,0) -> 0 | H115: =IF(AND(B115>0,C115<>"Y"),B115*10%,0) -> 0 | I115: 15 | K115: =IF(OR(I115>=16,J115),250,0) -> 0 | L115: ='Invoice Data'!$B115+'Invoice Data'!$D115-'Invoice Data'!$G115-'Invoice Data'!$K115+'Invoice Data'!$H115 -> 5511 | M115: =VLOOKUP('Invoice Data'!$A115,BPay!$B$4:$D$10,3,0) -> #N/A
A116: 31445 | B116: 0 | D116: 10389 | E116: 2 | F116: =IF(E116>=2,"Y", "") -> Y | G116: =IF(F116="y",D116*5%,0) -> 519.45 | H116: =IF(AND(B116>0,C116<>"Y"),B116*10%,0) -> 0 | I116: 9 | K116: =IF(OR(I116>=16,J116),250,0) -> 0 | L116: ='Invoice Data'!$B116+'Invoice Data'!$D116-'Invoice Data'!$G116-'Invoice Data'!$K116+'Invoice Data'!$H116 -> 9869.55 | M116: =VLOOKUP('Invoice Data'!$A116,BPay!$B$4:$D$10,3,0) -> #N/A
A117: 31454 | B117: 0 | D117: 9755 | E117: 2 | F117: =IF(E117>=2,"Y", "") -> Y | G117: =IF(F117="y",D117*5%,0) -> 487.75 | H117: =IF(AND(B117>0,C117<>"Y"),B117*10%,0) -> 0 | I117: 12 | K117: =IF(OR(I117>=16,J117),250,0) -> 0 | L117: ='Invoice Data'!$B117+'Invoice Data'!$D117-'Invoice Data'!$G117-'Invoice Data'!$K117+'Invoice Data'!$H117 -> 9267.25 | M117: =VLOOKUP('Invoice Data'!$A117,BPay!$B$4:$D$10,3,0) -> #N/A
A118: 31463 | B118: 0 | D118: 4427 | E118: 1 | F118: =IF(E118>=2,"Y", "") | G118: =IF(F118="y",D118*5%,0) -> 0 | H118: =IF(AND(B118>0,C118<>"Y"),B118*10%,0) -> 0 | I118: 11 | K118: =IF(OR(I118>=16,J118),250,0) -> 0 | L118: ='Invoice Data'!$B118+'Invoice Data'!$D118-'Invoice Data'!$G118-'Invoice Data'!$K118+'Invoice Data'!$H118 -> 4427 | M118: =VLOOKUP('Invoice Data'!$A118,BPay!$B$4:$D$10,3,0) -> #N/A
A119: 31472 | B119: 0 | D119: 8393 | E119: 2 | F119: =IF(E119>=2,"Y", "") -> Y | G119: =IF(F119="y",D119*5%,0) -> 419.65 | H119: =IF(AND(B119>0,C119<>"Y"),B119*10%,0) -> 0 | I119: 9 | K119: =IF(OR(I119>=16,J119),250,0) -> 0 | L119: ='Invoice Data'!$B119+'Invoice Data'!$D119-'Invoice Data'!$G119-'Invoice Data'!$K119+'Invoice Data'!$H119 -> 7973.35 | M119: =VLOOKUP('Invoice Data'!$A119,BPay!$B$4:$D$10,3,0) -> #N/A
A120: 31481 | B120: 0 | D120: 10558 | E120: 2 | F120: =IF(E120>=2,"Y", "") -> Y | G120: =IF(F120="y",D120*5%,0) -> 527.9 | H120: =IF(AND(B120>0,C120<>"Y"),B120*10%,0) -> 0 | I120: 5 | K120: =IF(OR(I120>=16,J120),250,0) -> 0 | L120: ='Invoice Data'!$B120+'Invoice Data'!$D120-'Invoice Data'!$G120-'Invoice Data'!$K120+'Invoice Data'!$H120 -> 10030.1 | M120: =VLOOKUP('Invoice Data'!$A120,BPay!$B$4:$D$10,3,0) -> #N/A
A121: 31490 | B121: 0 | D121: 3859 | E121: 1 | F121: =IF(E121>=2,"Y", "") | G121: =IF(F121="y",D121*5%,0) -> 0 | H121: =IF(AND(B121>0,C121<>"Y"),B121*10%,0) -> 0 | I121: 15 | K121: =IF(OR(I121>=16,J121),250,0) -> 0 | L121: ='Invoice Data'!$B121+'Invoice Data'!$D121-'Invoice Data'!$G121-'Invoice Data'!$K121+'Invoice Data'!$H121 -> 3859 | M121: =VLOOKUP('Invoice Data'!$A121,BPay!$B$4:$D$10,3,0) -> #N/A
A122: 31506 | B122: 0 | D122: 6393 | E122: 2 | F122: =IF(E122>=2,"Y", "") -> Y | G122: =IF(F122="y",D122*5%,0) -> 319.65 | H122: =IF(AND(B122>0,C122<>"Y"),B122*10%,0) -> 0 | I122: 0 | K122: =IF(OR(I122>=16,J122),250,0) -> 0 | L122: ='Invoice Data'!$B122+'Invoice Data'!$D122-'Invoice Data'!$G122-'Invoice Data'!$K122+'Invoice Data'!$H122 -> 6073.35 | M122: =VLOOKUP('Invoice Data'!$A122,BPay!$B$4:$D$10,3,0) -> #N/A
A123: 31515 | B123: 0 | D123: 4499 | E123: 1 | F123: =IF(E123>=2,"Y", "") | G123: =IF(F123="y",D123*5%,0) -> 0 | H123: =IF(AND(B123>0,C123<>"Y"),B123*10%,0) -> 0 | I123: 8 | K123: =IF(OR(I123>=16,J123),250,0) -> 0 | L123: ='Invoice Data'!$B123+'Invoice Data'!$D123-'Invoice Data'!$G123-'Invoice Data'!$K123+'Invoice Data'!$H123 -> 4499 | M123: =VLOOKUP('Invoice Data'!$A123,BPay!$B$4:$D$10,3,0) -> #N/A
... A227: 32603 | B227: 0 | D227: 9060 | E227: 2 | F227: =IF(E227>=2,"Y", "") -> Y | G227: =IF(F227="y",D227*5%,0) -> 453 | H227: =IF(AND(B227>0,C227<>"Y"),B227*10%,0) -> 0 | I227: 1 | K227: =IF(OR(I227>=16,J227),250,0) -> 0 | L227: ='Invoice Data'!$B227+'Invoice Data'!$D227-'Invoice Data'!$G227-'Invoice Data'!$K227+'Invoice Data'!$H227 -> 8607 | M227: =VLOOKUP('Invoice Data'!$A227,BPay!$B$4:$D$10,3,0) -> #N/A
A228: 32612 | B228: 0 | D228: 7485 | E228: 2 | F228: =IF(E228>=2,"Y", "") -> Y | G228: =IF(F228="y",D228*5%,0) -> 374.25 | H228: =IF(AND(B228>0,C228<>"Y"),B228*10%,0) -> 0 | I228: 0 | J228: TRUE | K228: =IF(OR(I228>=16,J228),250,0) -> 250 | L228: ='Invoice Data'!$B228+'Invoice Data'!$D228-'Invoice Data'!$G228-'Invoice Data'!$K228+'Invoice Data'!$H228 -> 6860.75 | M228: =VLOOKUP('Invoice Data'!$A228,BPay!$B$4:$D$10,3,0) -> #N/A
A229: 32621 | B229: 0 | D229: 7290 | E229: 2 | F229: =IF(E229>=2,"Y", "") -> Y | G229: =IF(F229="y",D229*5%,0) -> 364.5 | H229: =IF(AND(B229>0,C229<>"Y"),B229*10%,0) -> 0 | I229: 6 | K229: =IF(OR(I229>=16,J229),250,0) -> 0 | L229: ='Invoice Data'!$B229+'Invoice Data'!$D229-'Invoice Data'!$G229-'Invoice Data'!$K229+'Invoice Data'!$H229 -> 6925.5 | M229: =VLOOKUP('Invoice Data'!$A229,BPay!$B$4:$D$10,3,0) -> #N/A
A230: 32630 | B230: 0 | D230: 5263 | E230: 1 | F230: =IF(E230>=2,"Y", "") | G230: =IF(F230="y",D230*5%,0) -> 0 | H230: =IF(AND(B230>0,C230<>"Y"),B230*10%,0) -> 0 | I230: 2 | K230: =IF(OR(I230>=16,J230),250,0) -> 0 | L230: ='Invoice Data'!$B230+'Invoice Data'!$D230-'Invoice Data'!$G230-'Invoice Data'!$K230+'Invoice Data'!$H230 -> 5263 | M230: =VLOOKUP('Invoice Data'!$A230,BPay!$B$4:$D$10,3,0) -> #N/A
A231: 32649 | B231: 0 | D231: 10464 | E231: 2 | F231: =IF(E231>=2,"Y", "") -> Y | G231: =IF(F231="y",D231*5%,0) -> 523.2 | H231: =IF(AND(B231>0,C231<>"Y"),B231*10%,0) -> 0 | I231: 10 | K231: =IF(OR(I231>=16,J231),250,0) -> 0 | L231: ='Invoice Data'!$B231+'Invoice Data'!$D231-'Invoice Data'!$G231-'Invoice Data'!$K231+'Invoice Data'!$H231 -> 9940.8 | M231: =VLOOKUP('Invoice Data'!$A231,BPay!$B$4:$D$10,3,0) -> #N/A
A232: 32658 | B232: 0 | D232: 9659 | E232: 2 | F232: =IF(E232>=2,"Y", "") -> Y | G232: =IF(F232="y",D232*5%,0) -> 482.95 | H232: =IF(AND(B232>0,C232<>"Y"),B232*10%,0) -> 0 | I232: 4 | K232: =IF(OR(I232>=16,J232),250,0) -> 0 | L232: ='Invoice Data'!$B232+'Invoice Data'!$D232-'Invoice Data'!$G232-'Invoice Data'!$K232+'Invoice Data'!$H232 -> 9176.05 | M232: =VLOOKUP('Invoice Data'!$A232,BPay!$B$4:$D$10,3,0) -> #N/A
A233: 32667 | B233: 0 | D233: 4420 | E233: 1 | F233: =IF(E233>=2,"Y", "") | G233: =IF(F233="y",D233*5%,0) -> 0 | H233: =IF(AND(B233>0,C233<>"Y"),B233*10%,0) -> 0 | I233: 4 | K233: =IF(OR(I233>=16,J233),250,0) -> 0 | L233: ='Invoice Data'!$B233+'Invoice Data'!$D233-'Invoice Data'!$G233-'Invoice Data'!$K233+'Invoice Data'!$H233 -> 4420 | M233: =VLOOKUP('Invoice Data'!$A233,BPay!$B$4:$D$10,3,0) -> #N/A
A234: 32676 | B234: -1011 | C234: Y | D234: 4155 | E234: 1 | F234: =IF(E234>=2,"Y", "") | G234: =IF(F234="y",D234*5%,0) -> 0 | H234: =IF(AND(B234>0,C234<>"Y"),B234*10%,0) -> 0 | I234: 4 | K234: =IF(OR(I234>=16,J234),250,0) -> 0 | L234: ='Invoice Data'!$B234+'Invoice Data'!$D234-'Invoice Data'!$G234-'Invoice Data'!$K234+'Invoice Data'!$H234 -> 3144 | M234: =VLOOKUP('Invoice Data'!$A234,BPay!$B$4:$D$10,3,0) -> #N/A
A235: 32694 | B235: 0 | D235: 3241 | E235: 1 | F235: =IF(E235>=2,"Y", "") | G235: =IF(F235="y",D235*5%,0) -> 0 | H235: =IF(AND(B235>0,C235<>"Y"),B235*10%,0) -> 0 | I235: 1 | K235: =IF(OR(I235>=16,J235),250,0) -> 0 | L235: ='Invoice Data'!$B235+'Invoice Data'!$D235-'Invoice Data'!$G235-'Invoice Data'!$K235+'Invoice Data'!$H235 -> 3241 | M235: =VLOOKUP('Invoice Data'!$A235,BPay!$B$4:$D$10,3,0) -> #N/A
A236: 32701 | B236: 0 | D236: 10020 | E236: 2 | F236: =IF(E236>=2,"Y", "") -> Y | G236: =IF(F236="y",D236*5%,0) -> 501 | H236: =IF(AND(B236>0,C236<>"Y"),B236*10%,0) -> 0 | I236: 16 | K236: =IF(OR(I236>=16,J236),250,0) -> 250 | L236: ='Invoice Data'!$B236+'Invoice Data'!$D236-'Invoice Data'!$G236-'Invoice Data'!$K236+'Invoice Data'!$H236 -> 9269 | M236: =VLOOKUP('Invoice Data'!$A236,BPay!$B$4:$D$10,3,0) -> #N/A
A237: 32710 | B237: 0 | D237: 6865 | E237: 2 | F237: =IF(E237>=2,"Y", "") -> Y | G237: =IF(F237="y",D237*5%,0) -> 343.25 | H237: =IF(AND(B237>0,C237<>"Y"),B237*10%,0) -> 0 | I237: 6 | K237: =IF(OR(I237>=16,J237),250,0) -> 0 | L237: ='Invoice Data'!$B237+'Invoice Data'!$D237-'Invoice Data'!$G237-'Invoice Data'!$K237+'Invoice Data'!$H237 -> 6521.75 | M237: =VLOOKUP('Invoice Data'!$A237,BPay!$B$4:$D$10,3,0) -> #N/A
A238: 32729 | B238: 0 | D238: 7404 | E238: 2 | F238: =IF(E238>=2,"Y", "") -> Y | G238: =IF(F238="y",D238*5%,0) -> 370.2 | H238: =IF(AND(B238>0,C238<>"Y"),B238*10%,0) -> 0 | I238: 2 | K238: =IF(OR(I238>=16,J238),250,0) -> 0 | L238: ='Invoice Data'!$B238+'Invoice Data'!$D238-'Invoice Data'!$G238-'Invoice Data'!$K238+'Invoice Data'!$H238 -> 7033.8 | M238: =VLOOKUP('Invoice Data'!$A238,BPay!$B$4:$D$10,3,0) -> #N/A
A239: 32738 | B239: 0 | D239: 6752 | E239: 2 | F239: =IF(E239>=2,"Y", "") -> Y | G239: =IF(F239="y",D239*5%,0) -> 337.6 | H239: =IF(AND(B239>0,C239<>"Y"),B239*10%,0) -> 0 | I239: 14 | K239: =IF(OR(I239>=16,J239),250,0) -> 0 | L239: ='Invoice Data'!$B239+'Invoice Data'!$D239-'Invoice Data'!$G239-'Invoice Data'!$K239+'Invoice Data'!$H239 -> 6414.4 | M239: =VLOOKUP('Invoice Data'!$A239,BPay!$B$4:$D$10,3,0) -> #N/A
A240: 32747 | B240: 0 | D240: 9491 | E240: 2 | F240: =IF(E240>=2,"Y", "") -> Y | G240: =IF(F240="y",D240*5%,0) -> 474.55 | H240: =IF(AND(B240>0,C240<>"Y"),B240*10%,0) -> 0 | I240: 12 | K240: =IF(OR(I240>=16,J240),250,0) -> 0 | L240: ='Invoice Data'!$B240+'Invoice Data'!$D240-'Invoice Data'!$G240-'Invoice Data'!$K240+'Invoice Data'!$H240 -> 9016.45 | M240: =VLOOKUP('Invoice Data'!$A240,BPay!$B$4:$D$10,3,0) -> #N/A
A241: 32756 | B241: 0 | D241: 9967 | E241: 2 | F241: =IF(E241>=2,"Y", "") -> Y | G241: =IF(F241="y",D241*5%,0) -> 498.35 | H241: =IF(AND(B241>0,C241<>"Y"),B241*10%,0) -> 0 | I241: 15 | K241: =IF(OR(I241>=16,J241),250,0) -> 0 | L241: ='Invoice Data'!$B241+'Invoice Data'!$D241-'Invoice Data'!$G241-'Invoice Data'!$K241+'Invoice Data'!$H241 -> 9468.65 | M241: =VLOOKUP('Invoice Data'!$A241,BPay!$B$4:$D$10,3,0) -> #N/A
A242: 32765 | B242: 0 | D242: 6986 | E242: 2 | F242: =IF(E242>=2,"Y", "") -> Y | G242: =IF(F242="y",D242*5%,0) -> 349.3 | H242: =IF(AND(B242>0,C242<>"Y"),B242*10%,0) -> 0 | I242: 10 | K242: =IF(OR(I242>=16,J242),250,0) -> 0 | L242: ='Invoice Data'!$B242+'Invoice Data'!$D242-'Invoice Data'!$G242-'Invoice Data'!$K242+'Invoice Data'!$H242 -> 6636.7 | M242: =VLOOKUP('Invoice Data'!$A242,BPay!$B$4:$D$10,3,0) -> #N/A
A243: 32774 | B243: 0 | D243: 7973 | E243: 2 | F243: =IF(E243>=2,"Y", "") -> Y | G243: =IF(F243="y",D243*5%,0) -> 398.65 | H243: =IF(AND(B243>0,C243<>"Y"),B243*10%,0) -> 0 | I243: 3 | K243: =IF(OR(I243>=16,J243),250,0) -> 0 | L243: ='Invoice Data'!$B243+'Invoice Data'!$D243-'Invoice Data'!$G243-'Invoice Data'!$K243+'Invoice Data'!$H243 -> 7574.35 | M243: =VLOOKUP('Invoice Data'!$A243,BPay!$B$4:$D$10,3,0) -> #N/A
A244: 32783 | B244: 0 | D244: 4722 | E244: 1 | F244: =IF(E244>=2,"Y", "") | G244: =IF(F244="y",D244*5%,0) -> 0 | H244: =IF(AND(B244>0,C244<>"Y"),B244*10%,0) -> 0 | I244: 5 | K244: =IF(OR(I244>=16,J244),250,0) -> 0 | L244: ='Invoice Data'!$B244+'Invoice Data'!$D244-'Invoice Data'!$G244-'Invoice Data'!$K244+'Invoice Data'!$H244 -> 4722 | M244: =VLOOKUP('Invoice Data'!$A244,BPay!$B$4:$D$10,3,0) -> #N/A
A245: 32792 | B245: 0 | D245: 5585 | E245: 1 | F245: =IF(E245>=2,"Y", "") | G245: =IF(F245="y",D245*5%,0) -> 0 | H245: =IF(AND(B245>0,C245<>"Y"),B245*10%,0) -> 0 | I245: 1 | K245: =IF(OR(I245>=16,J245),250,0) -> 0 | L245: ='Invoice Data'!$B245+'Invoice Data'!$D245-'Invoice Data'!$G245-'Invoice Data'!$K245+'Invoice Data'!$H245 -> 5585 | M245: =VLOOKUP('Invoice Data'!$A245,BPay!$B$4:$D$10,3,0) -> #N/A
A246: 32809 | B246: 0 | D246: 6477 | E246: 2 | F246: =IF(E246>=2,"Y", "") -> Y | G246: =IF(F246="y",D246*5%,0) -> 323.85 | H246: =IF(AND(B246>0,C246<>"Y"),B246*10%,0) -> 0 | I246: 7 | K246: =IF(OR(I246>=16,J246),250,0) -> 0 | L246: ='Invoice Data'!$B246+'Invoice Data'!$D246-'Invoice Data'!$G246-'Invoice Data'!$K246+'Invoice Data'!$H246 -> 6153.15 | M246: =VLOOKUP('Invoice Data'!$A246,BPay!$B$4:$D$10,3,0) -> #N/A
... A278: 33121 | B278: 0 | D278: 10540 | E278: 2 | F278: =IF(E278>=2,"Y", "") -> Y | G278: =IF(F278="y",D278*5%,0) -> 527 | H278: =IF(AND(B278>0,C278<>"Y"),B278*10%,0) -> 0 | I278: 10 | K278: =IF(OR(I278>=16,J278),250,0) -> 0 | L278: ='Invoice Data'!$B278+'Invoice Data'!$D278-'Invoice Data'!$G278-'Invoice Data'!$K278+'Invoice Data'!$H278 -> 10013 | M278: =VLOOKUP('Invoice Data'!$A278,BPay!$B$4:$D$10,3,0) -> #N/A
A279: 33130 | B279: 0 | D279: 7601 | E279: 2 | F279: =IF(E279>=2,"Y", "") -> Y | G279: =IF(F279="y",D279*5%,0) -> 380.05 | H279: =IF(AND(B279>0,C279<>"Y"),B279*10%,0) -> 0 | I279: 0 | J279: TRUE | K279: =IF(OR(I279>=16,J279),250,0) -> 250 | L279: ='Invoice Data'!$B279+'Invoice Data'!$D279-'Invoice Data'!$G279-'Invoice Data'!$K279+'Invoice Data'!$H279 -> 6970.95 | M279: =VLOOKUP('Invoice Data'!$A279,BPay!$B$4:$D$10,3,0) -> #N/A
A280: 33149 | B280: 0 | D280: 8001 | E280: 2 | F280: =IF(E280>=2,"Y", "") -> Y | G280: =IF(F280="y",D280*5%,0) -> 400.05 | H280: =IF(AND(B280>0,C280<>"Y"),B280*10%,0) -> 0 | I280: 1 | K280: =IF(OR(I280>=16,J280),250,0) -> 0 | L280: ='Invoice Data'!$B280+'Invoice Data'!$D280-'Invoice Data'!$G280-'Invoice Data'!$K280+'Invoice Data'!$H280 -> 7600.95 | M280: =VLOOKUP('Invoice Data'!$A280,BPay!$B$4:$D$10,3,0) -> #N/A
A281: 33158 | B281: 0 | D281: 5605 | E281: 1 | F281: =IF(E281>=2,"Y", "") | G281: =IF(F281="y",D281*5%,0) -> 0 | H281: =IF(AND(B281>0,C281<>"Y"),B281*10%,0) -> 0 | I281: 10 | K281: =IF(OR(I281>=16,J281),250,0) -> 0 | L281: ='Invoice Data'!$B281+'Invoice Data'!$D281-'Invoice Data'!$G281-'Invoice Data'!$K281+'Invoice Data'!$H281 -> 5605 | M281: =VLOOKUP('Invoice Data'!$A281,BPay!$B$4:$D$10,3,0) -> #N/A
A282: 33167 | B282: 0 | D282: 10055 | E282: 2 | F282: =IF(E282>=2,"Y", "") -> Y | G282: =IF(F282="y",D282*5%,0) -> 502.75 | H282: =IF(AND(B282>0,C282<>"Y"),B282*10%,0) -> 0 | I282: 0 | K282: =IF(OR(I282>=16,J282),250,0) -> 0 | L282: ='Invoice Data'!$B282+'Invoice Data'!$D282-'Invoice Data'!$G282-'Invoice Data'!$K282+'Invoice Data'!$H282 -> 9552.25 | M282: =VLOOKUP('Invoice Data'!$A282,BPay!$B$4:$D$10,3,0) -> #N/A
A283: 33176 | B283: 0 | D283: 3639 | E283: 1 | F283: =IF(E283>=2,"Y", "") | G283: =IF(F283="y",D283*5%,0) -> 0 | H283: =IF(AND(B283>0,C283<>"Y"),B283*10%,0) -> 0 | I283: 10 | K283: =IF(OR(I283>=16,J283),250,0) -> 0 | L283: ='Invoice Data'!$B283+'Invoice Data'!$D283-'Invoice Data'!$G283-'Invoice Data'!$K283+'Invoice Data'!$H283 -> 3639 | M283: =VLOOKUP('Invoice Data'!$A283,BPay!$B$4:$D$10,3,0) -> #N/A
A284: 33185 | B284: 0 | D284: 3679 | E284: 1 | F284: =IF(E284>=2,"Y", "") | G284: =IF(F284="y",D284*5%,0) -> 0 | H284: =IF(AND(B284>0,C284<>"Y"),B284*10%,0) -> 0 | I284: 3 | K284: =IF(OR(I284>=16,J284),250,0) -> 0 | L284: ='Invoice Data'!$B284+'Invoice Data'!$D284-'Invoice Data'!$G284-'Invoice Data'!$K284+'Invoice Data'!$H284 -> 3679 | M284: =VLOOKUP('Invoice Data'!$A284,BPay!$B$4:$D$10,3,0) -> #N/A
A285: 33194 | B285: 0 | D285: 7635 | E285: 2 | F285: =IF(E285>=2,"Y", "") -> Y | G285: =IF(F285="y",D285*5%,0) -> 381.75 | H285: =IF(AND(B285>0,C285<>"Y"),B285*10%,0) -> 0 | I285: 7 | K285: =IF(OR(I285>=16,J285),250,0) -> 0 | L285: ='Invoice Data'!$B285+'Invoice Data'!$D285-'Invoice Data'!$G285-'Invoice Data'!$K285+'Invoice Data'!$H285 -> 7253.25 | M285: =VLOOKUP('Invoice Data'!$A285,BPay!$B$4:$D$10,3,0) -> #N/A
A286: 33201 | B286: 0 | D286: 8638 | E286: 2 | F286: =IF(E286>=2,"Y", "") -> Y | G286: =IF(F286="y",D286*5%,0) -> 431.9 | H286: =IF(AND(B286>0,C286<>"Y"),B286*10%,0) -> 0 | I286: 1 | K286: =IF(OR(I286>=16,J286),250,0) -> 0 | L286: ='Invoice Data'!$B286+'Invoice Data'!$D286-'Invoice Data'!$G286-'Invoice Data'!$K286+'Invoice Data'!$H286 -> 8206.1 | M286: =VLOOKUP('Invoice Data'!$A286,BPay!$B$4:$D$10,3,0) -> #N/A
A287: 33210 | B287: 0 | D287: 3683 | E287: 1 | F287: =IF(E287>=2,"Y", "") | G287: =IF(F287="y",D287*5%,0) -> 0 | H287: =IF(AND(B287>0,C287<>"Y"),B287*10%,0) -> 0 | I287: 7 | K287: =IF(OR(I287>=16,J287),250,0) -> 0 | L287: ='Invoice Data'!$B287+'Invoice Data'!$D287-'Invoice Data'!$G287-'Invoice Data'!$K287+'Invoice Data'!$H287 -> 3683 | M287: =VLOOKUP('Invoice Data'!$A287,BPay!$B$4:$D$10,3,0) -> #N/A
...

Sheet BPay
A1: Bpay Upload
A3: Merchant ID | B3: Bpay Reference | C3: Paid Date | D3: Transaction Amount
A4: 190483155 | B4: 30008 | C4: 42957 | D4: 11757
A5: 190483155 | B5: 30017 | C5: 42957 | D5: 5193
A6: 190483155 | B6: 30035 | C6: 42957 | D6: 8731
A7: 190483155 | B7: 30044 | C7: 42957 | D7: =3041+548 -> 3589
A8: 190483155 | B8: 30133 | C8: 42959 | D8: 7377
A9: 190483155 | B9: 30053 | C9: 42959 | D9: 7377
A10: 190483155 | B10: 30222 | C10: 42960 | D10: 3838
