Workbook

Sheet Inventory
A1: Inventory - Bondi
A3: ISBN | B3: Title | C3: In Stock | D3: Author | E3: Publisher Group | F3: RRP | G3: Binding | H3: Publ Date | I3: Genre
A4: 9780722532935 | B4: Alchemist,The:A Fable About Following Your Dream | C4: 3 | D4: Coelho, Paulo | E4: HarperCollins Grp | F4: 7.99 | G4: Paperback | H4: 36409 | I4: General & Literary Fiction
A5: 9780439993586 | B5: Amber Spyglass,The:His Dark Materials S. | C5: 5 | D5: Pullman, Philip | E5: Scholastic Ltd. Grp | F5: 6.99 | G5: Paperback | H5: 37148 | I5: Young Adult Fiction
A6: 9780006498407 | B6: Angela's Ashes:A Memoir of a Childhood | C6: 11 | D6: McCourt, Frank | E6: HarperCollins Grp | F6: 7.99 | G6: Paperback | H6: 35556 | I6: Autobiography: General
A7: 9780552150736 | B7: Angels and Demons | C7: 16 | D7: Brown, Dan | E7: Transworld Grp | F7: 7.99 | G7: Paperback | H7: 37803 | I7: Crime, Thriller & Adventure
A8: 9780141019376 | B8: Anybody Out There? | C8: 10 | D8: Keyes, Marian | E8: Penguin Grp | F8: 7.99 | G8: Paperback | H8: 39121 | I8: General & Literary Fiction
A9: 9780593059258 | B9: At My Mother's Knee ...:and Other Low Joints | C9: 14 | D9: O'Grady, Paul | E9: Transworld Grp | F9: 18.99 | G9: Hardback | H9: 39715 | I9: Autobiography: The Arts
A10: 9780099429791 | B10: Atonement | C10: 2 | D10: McEwan, Ian | E10: Random House Grp | F10: 7.99 | G10: Paperback | H10: 37378 | I10: General & Literary Fiction
A11: 9780007110926 | B11: Billy Connolly | C11: 6 | D11: Stephenson, Pamela | E11: HarperCollins Grp | F11: 8.99 | G11: Paperback | H11: 37445 | I11: Biography: The Arts
A12: 9780099387916 | B12: Birdsong | C12: 14 | D12: Faulks, Sebastian | E12: Random House Grp | F12: 7.99 | G12: Paperback | H12: 34533 | I12: General & Literary Fiction
A13: 9780552773898 | B13: Book Thief,The | C13: 8 | D13: Zusak, Markus | E13: Transworld Grp | F13: 7.99 | G13: Paperback | H13: 39448 | I13: General & Literary Fiction
A14: 9780099487821 | B14: Boy in the Striped Pyjamas,The | C14: 7 | D14: Boyne, John | E14: Transworld Grp | F14: 6.99 | G14: Paperback | H14: 39114 | I14: Young Adult Fiction
A15: 9781905654284 | B15: Breaking Dawn | C15: 8 | D15: Meyer, Stephenie | E15: Little, Brown Book Grp | F15: 14.99 | G15: Hardback | H15: 39664 | I15: Young Adult Fiction
... A42: 9780330507417 | B42: Gruffalo,The | C42: 6 | D42: Donaldson, Julia | E42: Pan Macmillan Grp | F42: 5.99 | G42: Paperback | H42: 39878 | I42: Picture Books
A43: 9781904994367 | B43: Guinness World Records 2009:2009 | C43: 10 | E43: Guinness Publisher Group | F43: 20 | G43: Hardback | H43: 39708 | I43: Encyclopedias & General Reference
A44: 9780718144845 | B44: Happy Days with the Naked Chef | C44: 16 | D44: Oliver, Jamie | E44: Penguin Grp | F44: 20 | G44: Hardback | H44: 37137 | I44: Food & Drink: General
A45: 9780747538486 | B45: Harry Potter and the Chamber of Secrets | C45: 7 | D45: Rowling, J. K. | E45: Bloomsbury Grp | F45: 6.99 | G45: Paperback | H45: 36251 | I45: Children's Fiction
A46: 9780747591054 | B46: Harry Potter and the Deathly Hallows | C46: 1 | D46: Rowling, J. K. | E46: Bloomsbury Grp | F46: 17.99 | G46: Hardback | H46: 39284 | I46: Children's Fiction
A47: 9780747591061 | B47: Harry Potter and the Deathly Hallows | C47: 16 | D47: Rowling, J. K. | E47: Bloomsbury Grp | F47: 17.99 | G47: Hardback | H47: 39284 | I47: Science Fiction & Fantasy
A48: 9780747550990 | B48: Harry Potter and the Goblet of Fire | C48: 1 | D48: Rowling, J. K. | E48: Bloomsbury Grp | F48: 8.99 | G48: Paperback | H48: 37078 | I48: Children's Fiction
A49: 9780747546245 | B49: Harry Potter and the Goblet of Fire | C49: 1 | D49: Rowling, J. K. | E49: Bloomsbury Grp | F49: 17.99 | G49: Hardback | H49: 36715 | I49: Children's Fiction
A50: 9780747581109 | B50: Harry Potter and the Half-blood Prince | C50: 1 | D50: Rowling, J. K. | E50: Bloomsbury Grp | F50: 16.99 | G50: Hardback | H50: 38549 | I50: Science Fiction & Fantasy
A51: 9780747581086 | B51: Harry Potter and the Half-blood Prince:Children's Edition | C51: 8 | D51: Rowling, J. K. | E51: Bloomsbury Grp | F51: 16.99 | G51: Hardback | H51: 38549 | I51: Children's Fiction
A52: 9780747551003 | B52: Harry Potter and the Order of the Phoenix | C52: 1 | D52: Rowling, J. K. | E52: Bloomsbury Grp | F52: 16.99 | G52: Hardback | H52: 37793 | I52: Children's Fiction
A53: 9780747561071 | B53: Harry Potter and the Order of the Phoenix | C53: 14 | D53: Rowling, J. K. | E53: Bloomsbury Grp | F53: 7.99 | G53: Paperback | H53: 38178 | I53: Children's Fiction
A54: 9780747532743 | B54: Harry Potter and the Philosopher's Stone | C54: 15 | D54: Rowling, J. K. | E54: Bloomsbury Grp | F54: 6.99 | G54: Paperback | H54: 35607 | I54: Children's Fiction
A55: 9780747546290 | B55: Harry Potter and the Prisoner of Azkaban | C55: 13 | D55: Rowling, J. K. | E55: Bloomsbury Grp | F55: 6.99 | G55: Paperback | H55: 36617 | I55: Children's Fiction
... A93: 9780099464464 | B93: Time Traveler's Wife,The | C93: 9 | D93: Niffenegger, Audrey | E93: Random House Grp | F93: 7.99 | G93: Paperback | H93: 38136 | I93: General & Literary Fiction
A94: 9780007207329 | B94: Times Su Doku,The:The Utterly Addictive Number-placing Puzzle:(Bk. 1 | C94: 13 | E94: HarperCollins Grp | F94: 5.99 | G94: Paperback | H94: 38418 | I94: Puzzles
A95: 9780099419785 | B95: To Kill a Mockingbird | C95: 2 | D95: Lee, Harper | E95: Random House Grp | F95: 6.99 | G95: Paperback | H95: 32786 | I95: General & Literary Fiction
A96: 9781904233657 | B96: Twilight | C96: 11 | D96: Meyer, Stephenie | E96: Little, Brown Book Grp | F96: 7.99 | G96: Paperback | H96: 39163 | I96: Young Adult Fiction
A97: 9780552772747 | B97: Undomestic Goddess,The | C97: 12 | D97: Kinsella, Sophie | E97: Transworld Grp | F97: 7.99 | G97: Paperback | H97: 38719 | I97: General & Literary Fiction
A98: 9780241003008 | B98: Very Hungry Caterpillar,The:The Very Hungry Caterpillar | C98: 15 | D98: Carle, Eric | E98: Penguin Grp | F98: 5.99 | G98: Hardback | H98: 34606 | I98: Pre-school & Early Learning
A99: 9780140276336 | B99: White Teeth | C99: 15 | D99: Smith, Zadie | E99: Penguin Grp | F99: 8.99 | G99: Paperback | H99: 36916 | I99: General & Literary Fiction
A100: 9781861978769 | B100: Why Don't Penguins' Feet Freeze?:And 114 Other Questions | C100: 15 | E100: Profile Books Group | F100: 7.99 | G100: Paperback | H100: 38995 | I100: Popular Science
A101: 9780141017891 | B101: World According to Clarkson,The | C101: 10 | D101: Clarkson, Jeremy | E101: Penguin Grp | F101: 7.99 | G101: Paperback | H101: 38498 | I101: Humour: Collections & General
A102: 9780718147655 | B102: You are What You Eat:The Plan That Will Change Your Life | C102: 6 | D102: McKeith, Gillian | E102: Penguin Grp | F102: 14.99 | G102: Paperback | H102: 38155 | I102: Fitness & Diet

Sheet Sales Summary
A1: Sales by Category – Bondi
A3: Category | B3: Unit Sales | C3: Revenue
A4: Autobiography: The Arts | B4: =SUM('Q1:Q4'!B4) -> 62 | C4: =SUM('Q1:Q4'!C4) -> 744.38
A5: Autobiography: General | B5: =SUM('Q1:Q4'!B5) -> 64 | C5: =SUM('Q1:Q4'!C5) -> 750.36
A6: Autobiography: Historical, Political & Military | B6: =SUM('Q1:Q4'!B6) -> 28 | C6: =SUM('Q1:Q4'!C6) -> 350.72
A7: Biography: The Arts | B7: =SUM('Q1:Q4'!B7) -> 67 | C7: =SUM('Q1:Q4'!C7) -> 697.33
A8: Children's Fiction | B8: =SUM('Q1:Q4'!B8) -> 55 | C8: =SUM('Q1:Q4'!C8) -> 618.45
A9: Crime, Thriller & Adventure | B9: =SUM('Q1:Q4'!B9) -> 76 | C9: =SUM('Q1:Q4'!C9) -> 761.24
A10: Current Affairs & Issues | B10: =SUM('Q1:Q4'!B10) -> 48 | C10: =SUM('Q1:Q4'!C10) -> 579.52
A11: Encyclopedias & General Reference | B11: =SUM('Q1:Q4'!B11) -> 75 | C11: =SUM('Q1:Q4'!C11) -> 926.25
A12: Fitness & Diet | B12: =SUM('Q1:Q4'!B12) -> 51 | C12: =SUM('Q1:Q4'!C12) -> 577.49
A13: Food & Drink: General | B13: =SUM('Q1:Q4'!B13) -> 81 | C13: =SUM('Q1:Q4'!C13) -> 886.19
A14: General & Literary Fiction | B14: =SUM('Q1:Q4'!B14) -> 84 | C14: =SUM('Q1:Q4'!C14) -> 968.16
A15: Genre | B15: =SUM('Q1:Q4'!B15) -> 77 | C15: =SUM('Q1:Q4'!C15) -> 940.23
... A29: TOTAL | B29: =SUM('Q1:Q4'!B29) -> 1712 | C29: =SUM('Q1:Q4'!C29) -> 18967.88

Sheet Q1
A1: Q1 Sales by Category
A3: Category | B3: Unit Sales | C3: Revenue
A4: Autobiography: The Arts | B4: 25 | C4: 324.75
A5: Autobiography: General | B5: 12 | C5: 119.88
A6: Autobiography: Historical, Political & Military | B6: 10 | C6: 119.9
A7: Biography: The Arts | B7: 23 | C7: 229.77
A8: Children's Fiction | B8: 5 | C8: 64.95
A9: Crime, Thriller & Adventure | B9: 25 | C9: 274.75
A10: Current Affairs & Issues | B10: 19 | C10: 246.81
A11: Encyclopedias & General Reference | B11: 12 | C11: 107.88
A12: Fitness & Diet | B12: 12 | C12: 143.88
A13: Food & Drink: General | B13: 27 | C13: 242.73
A14: General & Literary Fiction | B14: 13 | C14: 116.87
A15: Genre | B15: 12 | C15: 143.88
... A28: Young Adult Fiction | B28: 29 | C28: 289.71
A29: TOTAL | B29: =SUM(B4:B28) -> 455 | C29: =SUM(C4:C28) -> 4849.45

Sheet Q2
A1: Q2 Sales by Category
A3: Category | B3: Unit Sales | C3: Revenue
A4: Autobiography: The Arts | B4: 1 | C4: 11.99
A5: Autobiography: General | B5: 1 | C5: 11.99
A6: Autobiography: Historical, Political & Military | B6: 3 | C6: 35.97
A7: Biography: The Arts | B7: 20 | C7: 179.8
A8: Children's Fiction | B8: 21 | C8: 272.79
A9: Crime, Thriller & Adventure | B9: 26 | C9: 233.74
A10: Current Affairs & Issues | B10: 22 | C10: 241.78
A11: Encyclopedias & General Reference | B11: 23 | C11: 298.77
A12: Fitness & Diet | B12: 17 | C12: 169.83
A13: Food & Drink: General | B13: 3 | C13: 32.97
A14: General & Literary Fiction | B14: 13 | C14: 155.87
A15: Genre | B15: 24 | C15: 263.76
... A28: Young Adult Fiction | B28: 17 | C28: 203.83
A29: TOTAL | B29: =SUM(B4:B28) -> 347 | C29: =SUM(C4:C28) -> 3753.53

Sheet Q3
A1: Q3 Sales by Category
A3: Category | B3: Unit Sales | C3: Revenue
A4: Autobiography: The Arts | B4: 30 | C4: 329.7
A5: Autobiography: General | B5: 22 | C5: 241.78
A6: Autobiography: Historical, Political & Military | B6: 0 | C6: 0
A7: Biography: The Arts | B7: 24 | C7: 287.76
A8: Children's Fiction | B8: 20 | C8: 199.8
A9: Crime, Thriller & Adventure | B9: 7 | C9: 90.93
A10: Current Affairs & Issues | B10: 1 | C10: 12.99
A11: Encyclopedias & General Reference | B11: 22 | C11: 285.78
A12: Fitness & Diet | B12: 1 | C12: 11.99
A13: Food & Drink: General | B13: 25 | C13: 324.75
A14: General & Literary Fiction | B14: 28 | C14: 335.72
A15: Genre | B15: 19 | C15: 246.81
... A28: Young Adult Fiction | B28: 28 | C28: 335.72
A29: TOTAL | B29: =SUM(B4:B28) -> 428 | C29: =SUM(C4:C28) -> 4859.72

Sheet Q4
A1: }
A3: Category | B3: Unit Sales | C3: Revenue
A4: Autobiography: The Arts | B4: 6 | C4: 77.94
A5: Autobiography: General | B5: 29 | C5: 376.71
A6: Autobiography: Historical, Political & Military | B6: 15 | C6: 194.85
A7: Biography: The Arts | B7: 0 | C7: 0
A8: Children's Fiction | B8: 9 | C8: 80.91
A9: Crime, Thriller & Adventure | B9: 18 | C9: 161.82
A10: Current Affairs & Issues | B10: 6 | C10: 77.94
A11: Encyclopedias & General Reference | B11: 18 | C11: 233.82
A12: Fitness & Diet | B12: 21 | C12: 251.79
A13: Food & Drink: General | B13: 26 | C13: 285.74
A14: General & Literary Fiction | B14: 30 | C14: 359.7
A15: Genre | B15: 22 | C15: 285.78
... A28: Young Adult Fiction | B28: 17 | C28: 186.83
A29: TOTAL | B29: =SUM(B4:B28) -> 482 | C29: =SUM(C4:C28) -> 5505.18
